datetime,generacion_biogas_mwh
2016-04-06,78.42599999999999
2016-04-07,78.66
2016-04-08,84.37599999999999
2016-04-09,100.137
2016-04-10,84.765
2016-04-11,67.321
2016-04-12,75.992
2016-04-13,86.749
2016-04-14,97.863
2016-04-15,107.28
2016-04-16,109.775
2016-04-17,93.341
2016-04-18,74.785
2016-04-19,79.846
2016-04-20,94.00099999999999
2016-04-21,91.26700000000001
2016-04-22,98.716
2016-04-23,103.923
2016-04-24,80.104
2016-04-25,70.255
2016-04-26,75.199
2016-04-27,88.997
2016-04-28,91.27
2016-04-29,103.152
2016-04-30,108.86
2016-05-01,85.026
2016-05-02,65.27
2016-05-03,62.804
2016-05-04,82.662
2016-05-05,90.295
2016-05-06,104.60300000000001
2016-05-07,109.836
2016-05-08,77.342
2016-05-09,57.30199999999999
2016-05-10,81.521
2016-05-11,86.677
2016-05-12,89.705
2016-05-13,97.432
2016-05-14,97.836
2016-05-15,82.63600000000001
2016-05-16,62.95100000000001
2016-05-17,67.735
2016-05-18,61.018
2016-05-19,74.71300000000001
2016-05-20,83.714
2016-05-21,97.563
2016-05-22,81.632
2016-05-23,69.563
2016-05-24,75.519
2016-05-25,81.441
2016-05-26,85.62
2016-05-27,87.426
2016-05-28,105.219
2016-05-29,88.81700000000001
2016-05-30,72.703
2016-05-31,77.236
2016-06-01,84.75800000000001
2016-06-02,92.431
2016-06-03,94.45100000000001
2016-06-04,96.087
2016-06-05,82.34100000000001
2016-06-06,64.186
2016-06-07,91.084
2016-06-08,96.009
2016-06-09,106.925
2016-06-10,107.58500000000001
2016-06-11,108.381
2016-06-12,94.31700000000001
2016-06-13,78.595
2016-06-14,90.356
2016-06-15,87.784
2016-06-16,89.186
2016-06-17,83.4
2016-06-18,82.49
2016-06-19,72.886
2016-06-20,86.028
2016-06-21,82.125
2016-06-22,86.709
2016-06-23,78.771
2016-06-24,76.657
2016-06-25,69.401
2016-06-26,61.792
2016-06-27,68.957
2016-06-28,77.94800000000001
2016-06-29,59.54
2016-06-30,76.14800000000001
2016-07-01,66.695
2016-07-02,68.084
2016-07-03,58.298
2016-07-04,58.489999999999995
2016-07-05,70.129
2016-07-06,59.983999999999995
2016-07-07,75.353
2016-07-08,71.557
2016-07-09,68.122
2016-07-10,67.711
2016-07-11,59.851
2016-07-12,61.811
2016-07-13,66.16699999999999
2016-07-14,77.319
2016-07-15,81.287
2016-07-16,59.423
2016-07-17,52.336
2016-07-18,66.565
2016-07-19,69.008
2016-07-20,76.355
2016-07-21,76.129
2016-07-22,79.38199999999999
2016-07-23,76.671
2016-07-24,72.41699999999999
2016-07-25,64.39699999999999
2016-07-26,67.346
2016-07-27,84.413
2016-07-28,92.487
2016-07-29,80.13900000000001
2016-07-30,79.40299999999999
2016-07-31,75.497
2016-08-01,85.459
2016-08-02,75.83200000000001
2016-08-03,101.119
2016-08-04,95.73100000000001
2016-08-05,98.06700000000001
2016-08-06,112.12
2016-08-07,105.862
2016-08-08,101.607
2016-08-09,98.765
2016-08-10,86.764
2016-08-11,79.10600000000001
2016-08-12,80.853
2016-08-13,84.381
2016-08-14,71.754
2016-08-15,56.561
2016-08-16,57.464999999999996
2016-08-17,85.789
2016-08-18,86.574
2016-08-19,90.98400000000001
2016-08-20,82.691
2016-08-21,79.202
2016-08-22,70.33999999999999
2016-08-23,85.922
2016-08-24,85.815
2016-08-25,65.294
2016-08-26,85.70299999999999
2016-08-27,78.17
2016-08-28,71.21
2016-08-29,64.99
2016-08-30,71.796
2016-08-31,75.42699999999999
2016-09-01,81.81099999999999
2016-09-02,84.974
2016-09-03,92.036
2016-09-04,85.196
2016-09-05,80.449
2016-09-06,85.454
2016-09-07,92.011
2016-09-08,81.003
2016-09-09,87.768
2016-09-10,91.653
2016-09-11,85.328
2016-09-12,78.707
2016-09-13,85.811
2016-09-14,92.114
2016-09-15,95.408
2016-09-16,96.114
2016-09-17,92.75200000000001
2016-09-18,86.676
2016-09-19,95.967
2016-09-20,100.827
2016-09-21,90.06099999999999
2016-09-22,96.105
2016-09-23,99.357
2016-09-24,93.334
2016-09-25,81.875
2016-09-26,80.473
2016-09-27,90.31700000000001
2016-09-28,98.06
2016-09-29,92.936
2016-09-30,86.331
2016-10-01,75.159
2016-10-02,67.836
2016-10-03,70.625
2016-10-04,71.904
2016-10-05,76.515
2016-10-06,77.755
2016-10-07,87.68299999999999
2016-10-08,82.887
2016-10-09,73.36
2016-10-10,59.982
2016-10-11,70.249
2016-10-12,81.091
2016-10-13,79.979
2016-10-14,77.285
2016-10-15,92.092
2016-10-16,73.411
2016-10-17,61.163000000000004
2016-10-18,84.455
2016-10-19,79.743
2016-10-20,84.987
2016-10-21,88.596
2016-10-22,80.943
2016-10-23,65.262
2016-10-24,75.903
2016-10-25,92.91
2016-10-26,93.818
2016-10-27,100.622
2016-10-28,106.831
2016-10-29,121.793
2016-10-30,96.609
2016-10-31,95.218
2016-11-01,79.16499999999999
2016-11-02,72.645
2016-11-03,82.093
2016-11-04,80.60900000000001
2016-11-05,84.831
2016-11-06,69.729
2016-11-07,71.178
2016-11-08,87.616
2016-11-09,91.47399999999999
2016-11-10,99.985
2016-11-11,105.28800000000001
2016-11-12,100.949
2016-11-13,88.572
2016-11-14,69.995
2016-11-15,86.21199999999999
2016-11-16,88.105
2016-11-17,93.93599999999999
2016-11-18,93.777
2016-11-19,102.247
2016-11-20,80.607
2016-11-21,75.606
2016-11-22,88.937
2016-11-23,79.285
2016-11-24,84.849
2016-11-25,88.46199999999999
2016-11-26,68.392
2016-11-27,54.125
2016-11-28,72.762
2016-11-29,92.747
2016-11-30,96.97
2016-12-01,101.705
2016-12-02,103.46300000000001
2016-12-03,92.063
2016-12-04,73.917
2016-12-05,72.02199999999999
2016-12-06,63.519
2016-12-07,63.13
2016-12-08,57.007
2016-12-09,84.118
2016-12-10,68.005
2016-12-11,63.269999999999996
2016-12-12,65.159
2016-12-13,72.381
2016-12-14,70.626
2016-12-15,86.19800000000001
2016-12-16,95.22099999999999
2016-12-17,95.779
2016-12-18,91.07
2016-12-19,66.10000000000001
2016-12-20,79.519
2016-12-21,87.774
2016-12-22,92.994
2016-12-23,96.897
2016-12-24,94.759
2016-12-25,72.587
2016-12-26,46.295
2016-12-27,67.175
2016-12-28,76.4
2016-12-29,83.788
2016-12-30,88.294
2016-12-31,93.246
2017-01-01,73.178
2017-01-02,62.909
2017-01-03,87.36099999999999
2017-01-04,98.983
2017-01-05,97.29
2017-01-06,94.761
2017-01-07,73.501
2017-01-08,52.853
2017-01-09,73.41799999999999
2017-01-10,87.062
2017-01-11,102.31700000000001
2017-01-12,110.169
2017-01-13,123.713
2017-01-14,111.524
2017-01-15,86.98400000000001
2017-01-16,77.611
2017-01-17,95.46
2017-01-18,91.846
2017-01-19,103.47
2017-01-20,98.925
2017-01-21,102.447
2017-01-22,80.12599999999999
2017-01-23,67.788
2017-01-24,105.47999999999999
2017-01-25,107.286
2017-01-26,105.28500000000001
2017-01-27,105.76899999999999
2017-01-28,108.833
2017-01-29,90.979
2017-01-30,78.041
2017-01-31,96.998
2017-02-01,107.404
2017-02-02,89.87299999999999
2017-02-03,70.386
2017-02-04,64.298
2017-02-05,48.31
2017-02-06,37.851
2017-02-07,61.716
2017-02-08,83.855
2017-02-09,69.522
2017-02-10,80.156
2017-02-11,64.574
2017-02-12,54.545
2017-02-13,51.449999999999996
2017-02-14,53.498
2017-02-15,69.106
2017-02-16,71.18599999999999
2017-02-17,71.77000000000001
2017-02-18,75.593
2017-02-19,48.928000000000004
2017-02-20,51.801
2017-02-21,57.067
2017-02-22,64.867
2017-02-23,76.72699999999999
2017-02-24,58.048
2017-02-25,86.979
2017-02-26,67.43
2017-02-27,44.715
2017-02-28,46.191
2017-03-01,37.102
2017-03-02,58.235
2017-03-03,72.29
2017-03-04,71.969
2017-03-05,54.777
2017-03-06,54.879
2017-03-07,66.875
2017-03-08,79.078
2017-03-09,75.682
2017-03-10,86.425
2017-03-11,66.413
2017-03-12,82.953
2017-03-13,55.95399999999999
2017-03-14,55.894000000000005
2017-03-15,82.291
2017-03-16,86.01599999999999
2017-03-17,82.542
2017-03-18,81.813
2017-03-19,70.603
2017-03-20,58.201
2017-03-21,70.185
2017-03-22,74.578
2017-03-23,76.24
2017-03-24,87.287
2017-03-25,93.363
2017-03-26,74.987
2017-03-27,68.979
2017-03-28,65.116
2017-03-29,70.738
2017-03-30,70.18
2017-03-31,81.88199999999999
2017-04-01,90.998
2017-04-02,76.692
2017-04-03,60.101
2017-04-04,74.85900000000001
2017-04-05,51.717
2017-04-06,84.656
2017-04-07,91.374
2017-04-08,91.899
2017-04-09,72.73
2017-04-10,47.496
2017-04-11,72.184
2017-04-12,89.393
2017-04-13,94.973
2017-04-14,66.643
2017-04-15,50.408
2017-04-16,49.057
2017-04-17,61.963
2017-04-18,75.94
2017-04-19,70.872
2017-04-20,74.149
2017-04-21,93.627
2017-04-22,106.24000000000001
2017-04-23,98.478
2017-04-24,68.514
2017-04-25,75.518
2017-04-26,79.21600000000001
2017-04-27,81.456
2017-04-28,82.484
2017-04-29,83.659
2017-04-30,68.315
2017-05-01,62.138000000000005
2017-05-02,64.822
2017-05-03,87.05
2017-05-04,84.689
2017-05-05,97.026
2017-05-06,85.71600000000001
2017-05-07,76.191
2017-05-08,75.41499999999999
2017-05-09,73.419
2017-05-10,88.051
2017-05-11,83.51100000000001
2017-05-12,87.77
2017-05-13,96.537
2017-05-14,70.501
2017-05-15,64.95700000000001
2017-05-16,77.198
2017-05-17,90.219
2017-05-18,77.61999999999999
2017-05-19,97.285
2017-05-20,77.043
2017-05-21,62.065999999999995
2017-05-22,47.14
2017-05-23,86.301
2017-05-24,88.143
2017-05-25,95.474
2017-05-26,99.812
2017-05-27,89.00500000000001
2017-05-28,62.781000000000006
2017-05-29,57.757
2017-05-30,70.48299999999999
2017-05-31,75.937
2017-06-01,80.43299999999999
2017-06-02,94.006
2017-06-03,79.03
2017-06-04,56.346
2017-06-05,57.866
2017-06-06,64.716
2017-06-07,83.71499999999999
2017-06-08,97.093
2017-06-09,92.42
2017-06-10,76.541
2017-06-11,59.557
2017-06-12,56.484
2017-06-13,71.275
2017-06-14,85.70400000000001
2017-06-15,102.216
2017-06-16,91.499
2017-06-17,81.947
2017-06-18,61.87
2017-06-19,52.492
2017-06-20,58.839
2017-06-21,66.122
2017-06-22,90.86699999999999
2017-06-23,91.951
2017-06-24,80.02
2017-06-25,60.824
2017-06-26,59.346000000000004
2017-06-27,78.866
2017-06-28,78.762
2017-06-29,78.059
2017-06-30,84.741
2017-07-01,82.643
2017-07-02,59.492
2017-07-03,57.32
2017-07-04,64.62
2017-07-05,72.335
2017-07-06,83.878
2017-07-07,89.766
2017-07-08,86.191
2017-07-09,68.06
2017-07-10,65.325
2017-07-11,71.724
2017-07-12,79.05
2017-07-13,90.671
2017-07-14,79.406
2017-07-15,68.033
2017-07-16,63.219
2017-07-17,58.378
2017-07-18,69.612
2017-07-19,66.129
2017-07-20,70.469
2017-07-21,86.18
2017-07-22,80.364
2017-07-23,54.416
2017-07-24,52.239
2017-07-25,63.387
2017-07-26,52.164
2017-07-27,62.331
2017-07-28,65.859
2017-07-29,73.582
2017-07-30,57.305
2017-07-31,49.089
2017-08-01,59.514
2017-08-02,63.469
2017-08-03,71.694
2017-08-04,74.06700000000001
2017-08-05,76.749
2017-08-06,58.858
2017-08-07,58.148
2017-08-08,64.68
2017-08-09,64.865
2017-08-10,70.63
2017-08-11,80.52
2017-08-12,73.965
2017-08-13,57.505
2017-08-14,55.99
2017-08-15,56.69
2017-08-16,54.679
2017-08-17,67.051
2017-08-18,65.403
2017-08-19,69.9
2017-08-20,58.509
2017-08-21,55.593
2017-08-22,64.541
2017-08-23,81.605
2017-08-24,88.184
2017-08-25,93.19
2017-08-26,79.913
2017-08-27,51.518
2017-08-28,52.93
2017-08-29,59.146
2017-08-30,68.225
2017-08-31,77.123
2017-09-01,74.855
2017-09-02,48.788
2017-09-03,15.618
2017-09-04,43.336
2017-09-05,69.711
2017-09-06,70.779
2017-09-07,76.276
2017-09-08,94.036
2017-09-09,80.278
2017-09-10,59.71
2017-09-11,51.806
2017-09-12,66.784
2017-09-13,74.606
2017-09-14,79.206
2017-09-15,79.005
2017-09-16,57.817
2017-09-17,47.985
2017-09-18,50.231
2017-09-19,67.119
2017-09-20,75.148
2017-09-21,78.332
2017-09-22,89.013
2017-09-23,70.196
2017-09-24,56.944
2017-09-25,61.779
2017-09-26,74.108
2017-09-27,64.678
2017-09-28,79.898
2017-09-29,71.258
2017-09-30,66.803
2017-10-01,53.22
2017-10-02,55.16
2017-10-03,59.843
2017-10-04,67.658
2017-10-05,80.763
2017-10-06,79.31
2017-10-07,70.43
2017-10-08,53.479
2017-10-09,57.484
2017-10-10,74.155
2017-10-11,71.902
2017-10-12,68.528
2017-10-13,67.254
2017-10-14,62.996
2017-10-15,51.804
2017-10-16,58.213
2017-10-17,75.335
2017-10-18,77.365
2017-10-19,90.355
2017-10-20,93.318
2017-10-21,85.017
2017-10-22,69.238
2017-10-23,50.954
2017-10-24,76.925
2017-10-25,87.287
2017-10-26,88.411
2017-10-27,96.362
2017-10-28,87.161
2017-10-29,67.079
2017-10-30,68.198
2017-10-31,79.667
2017-11-01,72.709
2017-11-02,76.451
2017-11-03,66.673
2017-11-04,46.925
2017-11-05,37.092
2017-11-06,50.189
2017-11-07,50.742
2017-11-08,62.511
2017-11-09,58.595
2017-11-10,76.774
2017-11-11,63.92
2017-11-12,50.933
2017-11-13,54.929
2017-11-14,77.294
2017-11-15,80.062
2017-11-16,80.245
2017-11-17,86.986
2017-11-18,75.829
2017-11-19,63.283
2017-11-20,52.715
2017-11-21,75.035
2017-11-22,79.739
2017-11-23,77.206
2017-11-24,66.363
2017-11-25,56.095
2017-11-26,45.49
2017-11-27,63.353
2017-11-28,77.884
2017-11-29,79.545
2017-11-30,71.56
2017-12-01,70.561
2017-12-02,62.977
2017-12-03,49.037
2017-12-04,49.011
2017-12-05,56.072
2017-12-06,70.241
2017-12-07,59.851
2017-12-08,65.757
2017-12-09,52.853
2017-12-10,35.864
2017-12-11,21.201
2017-12-12,55.461
2017-12-13,72.536
2017-12-14,76.809
2017-12-15,74.074
2017-12-16,67.825
2017-12-17,46.884
2017-12-18,39.788
2017-12-19,49.521
2017-12-20,57.952
2017-12-21,74.014
2017-12-22,85.33
2017-12-23,91.054
2017-12-24,66.349
2017-12-25,47.119
2017-12-26,53.678
2017-12-27,67.707
2017-12-28,75.85
2017-12-29,78.899
2017-12-30,87.005
2017-12-31,49.158
2018-01-01,42.439
2018-01-02,51.085
2018-01-03,78.317
2018-01-04,92.345
2018-01-05,102.362
2018-01-06,80.232
2018-01-07,59.271
2018-01-08,63.074
2018-01-09,80.373
2018-01-10,78.293
2018-01-11,86.404
2018-01-12,98.469
2018-01-13,79.043
2018-01-14,55.89
2018-01-15,54.827
2018-01-16,67.849
2018-01-17,75.031
2018-01-18,83.248
2018-01-19,71.158
2018-01-20,59.585
2018-01-21,45.432
2018-01-22,45.345
2018-01-23,53.373
2018-01-24,63.168
2018-01-25,64.084
2018-01-26,64.211
2018-01-27,66.387
2018-01-28,53.681
2018-01-29,38.128
2018-01-30,35.635
2018-01-31,47.875
2018-02-01,50.256
2018-02-02,55.559
2018-02-03,58.359
2018-02-04,38.032
2018-02-05,32.573
2018-02-06,32.354
2018-02-07,33.345
2018-02-08,45.218
2018-02-09,65.604
2018-02-10,57.891
2018-02-11,49.229
2018-02-12,49.442
2018-02-13,42.777
2018-02-14,37.146
2018-02-15,57.562
2018-02-16,70.04
2018-02-17,41.816
2018-02-18,21.612
2018-02-19,37.613
2018-02-20,48.818000000000005
2018-02-21,60.995000000000005
2018-02-22,66.034
2018-02-23,76.148
2018-02-24,58.912
2018-02-25,50.012
2018-02-26,51.031
2018-02-27,54.92
2018-02-28,67.04199999999999
2018-03-01,64.45
2018-03-02,57.204
2018-03-03,62.95
2018-03-04,55.115
2018-03-05,56.742
2018-03-06,47.055
2018-03-07,62.169
2018-03-08,78.321
2018-03-09,65.963
2018-03-10,62.977
2018-03-11,45.484
2018-03-12,33.316
2018-03-13,57.713
2018-03-14,69.45
2018-03-15,69.092
2018-03-16,72.803
2018-03-17,68.597
2018-03-18,54.193
2018-03-19,48.25
2018-03-20,60.426
2018-03-21,48.347
2018-03-22,64.671
2018-03-23,83.373
2018-03-24,63.285
2018-03-25,58.966
2018-03-26,57.611
2018-03-27,75.99
2018-03-28,77.173
2018-03-29,85.377
2018-03-30,72.857
2018-03-31,48.678
2018-04-01,40.814
2018-04-02,44.757
2018-04-03,62.922
2018-04-04,70.392
2018-04-05,73.998
2018-04-06,75.551
2018-04-07,76.211
2018-04-08,62.894
2018-04-09,53.902
2018-04-10,66.204
2018-04-11,70.716
2018-04-12,81.845
2018-04-13,88.764
2018-04-14,73.242
2018-04-15,53.947
2018-04-16,48.647
2018-04-17,60.681
2018-04-18,64.212
2018-04-19,69.643
2018-04-20,75.697
2018-04-21,78.75
2018-04-22,62.538
2018-04-23,55.486
2018-04-24,74.305
2018-04-25,75.556
2018-04-26,76.14
2018-04-27,85.58
2018-04-28,82.437
2018-04-29,58.873
2018-04-30,52.885
2018-05-01,65.807
2018-05-02,57.347
2018-05-03,66.02
2018-05-04,70.968
2018-05-05,73.554
2018-05-06,54.111
2018-05-07,62.899
2018-05-08,88.033
2018-05-09,86.665
2018-05-10,85.493
2018-05-11,89.81
2018-05-12,72.129
2018-05-13,50.583
2018-05-14,68.641
2018-05-15,77.718
2018-05-16,85.557
2018-05-17,76.494
2018-05-18,80.089
2018-05-19,84.388
2018-05-20,59.5
2018-05-21,68.725
2018-05-22,84.402
2018-05-23,91.904
2018-05-24,89.044
2018-05-25,81.768
2018-05-26,73.729
2018-05-27,47.857
2018-05-28,58.943
2018-05-29,79.663
2018-05-30,90.184
2018-05-31,94.078
2018-06-01,91.664
2018-06-02,88.458
2018-06-03,64.393
2018-06-04,57.889
2018-06-05,83.033
2018-06-06,89.752
2018-06-07,82.363
2018-06-08,78.935
2018-06-09,85.924
2018-06-10,58.014
2018-06-11,49.38
2018-06-12,65.701
2018-06-13,70.692
2018-06-14,74.385
2018-06-15,80.266
2018-06-16,80.628
2018-06-17,49.955
2018-06-18,44.236
2018-06-19,66.674
2018-06-20,70.213
2018-06-21,70.467
2018-06-22,76.824
2018-06-23,72.969
2018-06-24,51.959
2018-06-25,45.528
2018-06-26,63.603
2018-06-27,67.637
2018-06-28,93.482
2018-06-29,95.887
2018-06-30,83.319
2018-07-01,56.599
2018-07-02,48.856
2018-07-03,65.619
2018-07-04,81.281
2018-07-05,96.768
2018-07-06,92.677
2018-07-07,68.81
2018-07-08,42.176
2018-07-09,45.605
2018-07-10,63.019999999999996
2018-07-11,93.643
2018-07-12,75.361
2018-07-13,74.951
2018-07-14,67.178
2018-07-15,49.586
2018-07-16,60.015
2018-07-17,81.78
2018-07-18,69.223
2018-07-19,80.42099999999999
2018-07-20,78.956
2018-07-21,71.99
2018-07-22,49.659
2018-07-23,43.303
2018-07-24,53.259
2018-07-25,52.602
2018-07-26,51.321
2018-07-27,51.196
2018-07-28,35.286
2018-07-29,33.612
2018-07-30,41.376
2018-07-31,52.997
2018-08-01,60.098
2018-08-02,64.659
2018-08-03,70.162
2018-08-04,63.469
2018-08-05,47.649
2018-08-06,62.258
2018-08-07,75.024
2018-08-08,72.951
2018-08-09,73.69
2018-08-10,71.1
2018-08-11,66.618
2018-08-12,49.111
2018-08-13,54.098
2018-08-14,83.9
2018-08-15,80.001
2018-08-16,57.379
2018-08-17,59.177
2018-08-18,60.77
2018-08-19,42.856
2018-08-20,58.062
2018-08-21,72.67
2018-08-22,53.901
2018-08-23,63.285
2018-08-24,66.521
2018-08-25,65.242
2018-08-26,46.052
2018-08-27,44.982
2018-08-28,58.936
2018-08-29,68.044
2018-08-30,88.818
2018-08-31,84.295
2018-09-01,75.892
2018-09-02,55.286
2018-09-03,52.096
2018-09-04,75.66
2018-09-05,61.825
2018-09-06,62.325
2018-09-07,68.507
2018-09-08,66.81
2018-09-09,40.585
2018-09-10,50.994
2018-09-11,72.555
2018-09-12,76.233
2018-09-13,72.63600000000001
2018-09-14,72.853
2018-09-15,62.7
2018-09-16,44.619
2018-09-17,48.068
2018-09-18,64.147
2018-09-19,81.26299999999999
2018-09-20,79.619
2018-09-21,70.78500000000001
2018-09-22,66.123
2018-09-23,46.552
2018-09-24,46.773999999999994
2018-09-25,51.769000000000005
2018-09-26,49.631
2018-09-27,56.85
2018-09-28,57.179
2018-09-29,57.554
2018-09-30,37.72
2018-10-01,48.034
2018-10-02,73.91699999999999
2018-10-03,71.331
2018-10-04,80.128
2018-10-05,79.374
2018-10-06,61.729
2018-10-07,48.882
2018-10-08,53.202999999999996
2018-10-09,74.688
2018-10-10,74.92699999999999
2018-10-11,73.848
2018-10-12,74.941
2018-10-13,52.375
2018-10-14,38.197
2018-10-15,42.785
2018-10-16,65.27699999999999
2018-10-17,73.96100000000001
2018-10-18,75.702
2018-10-19,71.036
2018-10-20,76.788
2018-10-21,58.06
2018-10-22,50.811
2018-10-23,66.805
2018-10-24,66.708
2018-10-25,68.083
2018-10-26,74.345
2018-10-27,81.731
2018-10-28,55.817
2018-10-29,41.80200000000001
2018-10-30,58.758
2018-10-31,74.134
2018-11-01,58.686
2018-11-02,57.687
2018-11-03,57.129
2018-11-04,43.692
2018-11-05,52.913
2018-11-06,77.24199999999999
2018-11-07,72.769
2018-11-08,77.062
2018-11-09,71.53
2018-11-10,72.619
2018-11-11,54.419
2018-11-12,58.897000000000006
2018-11-13,76.517
2018-11-14,90.615
2018-11-15,71.811
2018-11-16,80.85100000000001
2018-11-17,86.179
2018-11-18,54.467
2018-11-19,39.562999999999995
2018-11-20,44.873
2018-11-21,48.833
2018-11-22,66.31
2018-11-23,70.189
2018-11-24,76.545
2018-11-25,58.383
2018-11-26,42.94
2018-11-27,60.458
2018-11-28,68.19
2018-11-29,68.928
2018-11-30,73.339
2018-12-01,70.851
2018-12-02,54.422
2018-12-03,59.632
2018-12-04,67.402
2018-12-05,74.44
2018-12-06,79.368
2018-12-07,65.078
2018-12-08,68.368
2018-12-09,51.518
2018-12-10,58.709
2018-12-11,75.833
2018-12-12,68.638
2018-12-13,65.297
2018-12-14,76.71199999999999
2018-12-15,76.384
2018-12-16,46.402
2018-12-17,55.151
2018-12-18,61.917
2018-12-19,62.312
2018-12-20,61.474
2018-12-21,62.569
2018-12-22,74.635
2018-12-23,62.258
2018-12-24,53.457
2018-12-25,56.221
2018-12-26,41.422
2018-12-27,62.044
2018-12-28,73.424
2018-12-29,83.114
2018-12-30,63.103
2018-12-31,49.503
2019-01-01,47.323
2019-01-02,45.852
2019-01-03,75.596
2019-01-04,79.455
2019-01-05,79.315
2019-01-06,60.414
2019-01-07,57.262
2019-01-08,71.401
2019-01-09,69.837
2019-01-10,73.045
2019-01-11,81.052
2019-01-12,82.109
2019-01-13,55.3
2019-01-14,57.285
2019-01-15,73.503
2019-01-16,69.783
2019-01-17,74.018
2019-01-18,87.232
2019-01-19,75.037
2019-01-20,50.787
2019-01-21,56.79
2019-01-22,79.656
2019-01-23,79.34599999999999
2019-01-24,66.947
2019-01-25,82.667
2019-01-26,74.938
2019-01-27,49.621
2019-01-28,55.555
2019-01-29,66.39099999999999
2019-01-30,70.018
2019-01-31,71.371
2019-02-01,68.154
2019-02-02,53.935
2019-02-03,50.831
2019-02-04,50.521
2019-02-05,64.453
2019-02-06,74.121
2019-02-07,70.39999999999999
2019-02-08,67.238
2019-02-09,70.398
2019-02-10,44.168
2019-02-11,46.533
2019-02-12,57.238
2019-02-13,50.02
2019-02-14,67.769
2019-02-15,71.94200000000001
2019-02-16,61.464
2019-02-17,52.34
2019-02-18,54.333
2019-02-19,63.337
2019-02-20,65.708
2019-02-21,63.195
2019-02-22,67.67
2019-02-23,59.249
2019-02-24,50.742
2019-02-25,44.396
2019-02-26,66.451
2019-02-27,72.385
2019-02-28,74.962
2019-03-01,67.333
2019-03-02,70.903
2019-03-03,52.575
2019-03-04,43.786
2019-03-05,55.033
2019-03-06,45.593
2019-03-07,64.956
2019-03-08,70.243
2019-03-09,69.067
2019-03-10,51.912
2019-03-11,48.555
2019-03-12,57.999
2019-03-13,69.031
2019-03-14,81.942
2019-03-15,88.501
2019-03-16,91.061
2019-03-17,71.932
2019-03-18,67.418
2019-03-19,68.13
2019-03-20,67.445
2019-03-21,74.116
2019-03-22,75.793
2019-03-23,71.902
2019-03-24,48.212
2019-03-25,45.415
2019-03-26,56.773
2019-03-27,70.33
2019-03-28,78.638
2019-03-29,85.256
2019-03-30,78.279
2019-03-31,53.28
2019-04-01,56.981
2019-04-02,63.635
2019-04-03,73.381
2019-04-04,81.833
2019-04-05,90.171
2019-04-06,70.63
2019-04-07,45.353
2019-04-08,45.711
2019-04-09,66.771
2019-04-10,76.027
2019-04-11,85.446
2019-04-12,95.397
2019-04-13,80.43
2019-04-14,51.543
2019-04-15,37.959
2019-04-16,65.604
2019-04-17,67.806
2019-04-18,71.008
2019-04-19,45.64
2019-04-20,34.759
2019-04-21,30.09
2019-04-22,39.784
2019-04-23,46.499
2019-04-24,56.015
2019-04-25,61.438
2019-04-26,69.405
2019-04-27,67.673
2019-04-28,49.409
2019-04-29,53.095
2019-04-30,68.056
2019-05-01,56.617
2019-05-02,48.505
2019-05-03,71.801
2019-05-04,62.182
2019-05-05,41.915
2019-05-06,47.697
2019-05-07,61.2
2019-05-08,59.282
2019-05-09,76.591
2019-05-10,84.845
2019-05-11,70.435
2019-05-12,51.299
2019-05-13,44.082
2019-05-14,57.22
2019-05-15,69.704
2019-05-16,73.428
2019-05-17,65.647
2019-05-18,40.86
2019-05-19,31.572
2019-05-20,44.005
2019-05-21,59.161
2019-05-22,64.838
2019-05-23,72.258
2019-05-24,64.598
2019-05-25,67.077
2019-05-26,51.324
2019-05-27,49.095
2019-05-28,60.583
2019-05-29,64.651
2019-05-30,67.794
2019-05-31,76.392
2019-06-01,69.107
2019-06-02,52.497
2019-06-03,49.737
2019-06-04,58.8
2019-06-05,62.181
2019-06-06,71.46
2019-06-07,64.257
2019-06-08,67.571
2019-06-09,43.896
2019-06-10,41.645
2019-06-11,55.755
2019-06-12,71.091
2019-06-13,68.769
2019-06-14,63.864
2019-06-15,64.037
2019-06-16,42.636
2019-06-17,41.198
2019-06-18,52.021
2019-06-19,64.308
2019-06-20,63.913
2019-06-21,73.768
2019-06-22,70.965
2019-06-23,46.514
2019-06-24,35.857
2019-06-25,37.345
2019-06-26,55.266
2019-06-27,68.069
2019-06-28,73.711
2019-06-29,70.963
2019-06-30,48.266
2019-07-01,47.3
2019-07-02,57.723
2019-07-03,71.319
2019-07-04,71.628
2019-07-05,74.573
2019-07-06,72.523
2019-07-07,53.59
2019-07-08,44.449
2019-07-09,62.017
2019-07-10,66.784
2019-07-11,67.07
2019-07-12,69.531
2019-07-13,66.972
2019-07-14,47.112
2019-07-15,43.917
2019-07-16,66.758
2019-07-17,61.717
2019-07-18,64.279
2019-07-19,71.539
2019-07-20,72.239
2019-07-21,46.65
2019-07-22,43.91
2019-07-23,69.727
2019-07-24,77.033
2019-07-25,58.35
2019-07-26,56.194
2019-07-27,63.564
2019-07-28,36.174
2019-07-29,37.605
2019-07-30,39.709
2019-07-31,66.158
2019-08-01,68.374
2019-08-02,68.958
2019-08-03,77.231
2019-08-04,53.168
2019-08-05,49.388
2019-08-06,56.488
2019-08-07,69.174
2019-08-08,61.71
2019-08-09,66.388
2019-08-10,68.704
2019-08-11,38.764
2019-08-12,47.879
2019-08-13,55.253
2019-08-14,62.625
2019-08-15,68.534
2019-08-16,45.197
2019-08-17,32.725
2019-08-18,25.93
2019-08-19,37.17
2019-08-20,53.021
2019-08-21,63.586
2019-08-22,65.766
2019-08-23,80.044
2019-08-24,82.258
2019-08-25,59.347
2019-08-26,47.233
2019-08-27,66.062
2019-08-28,71.727
2019-08-29,73.805
2019-08-30,70.75
2019-08-31,78.902
2019-09-01,56.964
2019-09-02,49.883
2019-09-03,69.99
2019-09-04,70.993
2019-09-05,75.231
2019-09-06,82.885
2019-09-07,72.492
2019-09-08,51.986
2019-09-09,54.657
2019-09-10,66.58
2019-09-11,63.23
2019-09-12,73.086
2019-09-13,82.695
2019-09-14,79.498
2019-09-15,54.051
2019-09-16,53.15
2019-09-17,68.104
2019-09-18,61.159
2019-09-19,72.629
2019-09-20,76.165
2019-09-21,77.71
2019-09-22,54.49
2019-09-23,43.996
2019-09-24,62.744
2019-09-25,59.203
2019-09-26,61.588
2019-09-27,73.12
2019-09-28,82.454
2019-09-29,56.347
2019-09-30,51.37
2019-10-01,64.991
2019-10-02,64.17
2019-10-03,64.397
2019-10-04,82.308
2019-10-05,76.906
2019-10-06,46.642
2019-10-07,51.544
2019-10-08,64.808
2019-10-09,64.765
2019-10-10,80.146
2019-10-11,83.052
2019-10-12,74.106
2019-10-13,55.926
2019-10-14,47.177
2019-10-15,70.686
2019-10-16,64.745
2019-10-17,76.906
2019-10-18,85.55
2019-10-19,71.898
2019-10-20,52.621
2019-10-21,53.463
2019-10-22,69.142
2019-10-23,71.887
2019-10-24,71.625
2019-10-25,85.278
2019-10-26,93.801
2019-10-27,57.835
2019-10-28,47.645
2019-10-29,66.285
2019-10-30,79.675
2019-10-31,77.997
2019-11-01,76.99
2019-11-02,56.079
2019-11-03,35.435
2019-11-04,36.177
2019-11-05,52.424
2019-11-06,61.314
2019-11-07,53.611
2019-11-08,62.924
2019-11-09,73.139
2019-11-10,48.159
2019-11-11,38.039
2019-11-12,52.645
2019-11-13,54.949
2019-11-14,59.83
2019-11-15,67.109
2019-11-16,80.556
2019-11-17,60.596
2019-11-18,37.464
2019-11-19,42.255
2019-11-20,55.307
2019-11-21,64.702
2019-11-22,67.766
2019-11-23,58.737
2019-11-24,43.236
2019-11-25,37.616
2019-11-26,52.367
2019-11-27,56.632
2019-11-28,67.432
2019-11-29,71.955
2019-11-30,69.454
2019-12-01,52.424
2019-12-02,57.287
2019-12-03,71.94
2019-12-04,68.417
2019-12-05,62.408
2019-12-06,60.062
2019-12-07,45.437
2019-12-08,31.168
2019-12-09,31.962000000000003
2019-12-10,48.858
2019-12-11,50.106
2019-12-12,53.211
2019-12-13,60.973
2019-12-14,66.246
2019-12-15,44.216
2019-12-16,35.182
2019-12-17,47.218
2019-12-18,53.497
2019-12-19,69.649
2019-12-20,85.775
2019-12-21,75.198
2019-12-22,44.857
2019-12-23,48.903000000000006
2019-12-24,63.778
2019-12-25,46.465
2019-12-26,46.175
2019-12-27,65.077
2019-12-28,66.077
2019-12-29,43.386
2019-12-30,39.655
2019-12-31,62.975
2020-01-01,61.07599999999999
2020-01-02,46.738
2020-01-03,72.488
2020-01-04,88.11699999999999
2020-01-05,65.65
2020-01-06,45.048
2020-01-07,41.276
2020-01-08,61.489000000000004
2020-01-09,72.187
2020-01-10,93.34800000000001
2020-01-11,97.871
2020-01-12,78.035
2020-01-13,62.751000000000005
2020-01-14,62.04
2020-01-15,61.382
2020-01-16,81.15899999999999
2020-01-17,94.138
2020-01-18,86.88900000000001
2020-01-19,74.826
2020-01-20,55.631
2020-01-21,87.755
2020-01-22,126.059
2020-01-23,148.236
2020-01-24,186.359
2020-01-25,190.70499999999998
2020-01-26,60.417
2020-01-27,259.383
2020-01-28,501.043
2020-01-29,725.1600000000001
2020-01-30,640.422
2020-01-31,89.462
2020-02-01,86.774
2020-02-02,350.512
2020-02-03,876.87
2020-02-04,1000.864
2020-02-05,1025.3500000000001
2020-02-06,856.941
2020-02-07,1067.2839999999999
2020-02-08,1073.005
2020-02-09,1001.379
2020-02-10,537.2620000000001
2020-02-11,288.912
2020-02-12,82.787
2020-02-13,92.57900000000001
2020-02-14,844.9530000000001
2020-02-15,1185.37
2020-02-16,1073.604
2020-02-17,1121.059
2020-02-18,1177.689
2020-02-19,777.1850000000001
2020-02-20,78.566
2020-02-21,90.773
2020-02-22,97.845
2020-02-23,73.82
2020-02-24,67.315
2020-02-25,80.88
2020-02-26,61.16
2020-02-27,68.556
2020-02-28,75.499
2020-02-29,89.56700000000001
2020-03-01,66.781
2020-03-02,59.546
2020-03-03,74.505
2020-03-04,76.305
2020-03-05,78.739
2020-03-06,83.286
2020-03-07,87.638
2020-03-08,71.737
2020-03-09,63.25
2020-03-10,80.001
2020-03-11,81.64
2020-03-12,88.105
2020-03-13,93.131
2020-03-14,102.037
2020-03-15,64.943
2020-03-16,61.348
2020-03-17,72.185
2020-03-18,75.973
2020-03-19,80.591
2020-03-20,67.357
2020-03-21,78.931
2020-03-22,52.95
2020-03-23,55.372
2020-03-24,52.678
2020-03-25,34.951
2020-03-26,54.204
2020-03-27,72.093
2020-03-28,88.003
2020-03-29,67.71000000000001
2020-03-30,54.644
2020-03-31,75.263
2020-04-01,72.193
2020-04-02,87.552
2020-04-03,87.738
2020-04-04,85.715
2020-04-05,71.617
2020-04-06,58.453
2020-04-07,60.782
2020-04-08,67.207
2020-04-09,70.793
2020-04-10,59.729
2020-04-11,42.229
2020-04-12,33.107
2020-04-13,52.858
2020-04-14,68.237
2020-04-15,73.13
2020-04-16,72.828
2020-04-17,73.129
2020-04-18,79.224
2020-04-19,46.605
2020-04-20,58.599000000000004
2020-04-21,60.051
2020-04-22,61.04
2020-04-23,72.117
2020-04-24,72.759
2020-04-25,75.34400000000001
2020-04-26,64.504
2020-04-27,59.754999999999995
2020-04-28,67.99799999999999
2020-04-29,76.76599999999999
2020-04-30,79.266
2020-05-01,81.032
2020-05-02,68.576
2020-05-03,50.900000000000006
2020-05-04,54.671
2020-05-05,62.534
2020-05-06,67.607
2020-05-07,73.779
2020-05-08,82.61099999999999
2020-05-09,83.437
2020-05-10,68.379
2020-05-11,69.063
2020-05-12,65.158
2020-05-13,72.167
2020-05-14,73.282
2020-05-15,82.144
2020-05-16,78.836
2020-05-17,67.134
2020-05-18,52.569
2020-05-19,59.371
2020-05-20,64.676
2020-05-21,76.99
2020-05-22,68.702
2020-05-23,63.480000000000004
2020-05-24,63.886
2020-05-25,61.634
2020-05-26,62.025
2020-05-27,62.31099999999999
2020-05-28,58.516000000000005
2020-05-29,68.978
2020-05-30,66.498
2020-05-31,82.67699999999999
2020-06-01,62.235
2020-06-02,69.041
2020-06-03,59.681000000000004
2020-06-04,68.443
2020-06-05,67.664
2020-06-06,83.767
2020-06-07,68.273
2020-06-08,48.434
2020-06-09,61.682
2020-06-10,58.199
2020-06-11,83.533
2020-06-12,79.01599999999999
2020-06-13,73.266
2020-06-14,74.594
2020-06-15,49.278999999999996
2020-06-16,63.173
2020-06-17,73.362
2020-06-18,81.572
2020-06-19,90.485
2020-06-20,86.551
2020-06-21,74.422
2020-06-22,57.581
2020-06-23,66.089
2020-06-24,67.564
2020-06-25,61.336999999999996
2020-06-26,67.287
2020-06-27,67.87899999999999
2020-06-28,56.289
2020-06-29,53.162000000000006
2020-06-30,50.705999999999996
2020-07-01,44.503
2020-07-02,67.62100000000001
2020-07-03,78.751
2020-07-04,82.926
2020-07-05,67.964
2020-07-06,58.025
2020-07-07,61.883
2020-07-08,58.495
2020-07-09,76.519
2020-07-10,74.062
2020-07-11,79.43
2020-07-12,69.026
2020-07-13,57.5
2020-07-14,62.857
2020-07-15,66.32900000000001
2020-07-16,78.452
2020-07-17,78.953
2020-07-18,76.752
2020-07-19,62.031000000000006
2020-07-20,44.316
2020-07-21,65.321
2020-07-22,66.453
2020-07-23,67.502
2020-07-24,60.844
2020-07-25,78.618
2020-07-26,61.786
2020-07-27,47.244
2020-07-28,69.214
2020-07-29,80.03999999999999
2020-07-30,82.637
2020-07-31,79.193
2020-08-01,75.274
2020-08-02,75.384
2020-08-03,55.398
2020-08-04,66.598
2020-08-05,74.156
2020-08-06,75.887
2020-08-07,75.04299999999999
2020-08-08,85.435
2020-08-09,64.348
2020-08-10,55.805
2020-08-11,57.274
2020-08-12,68.771
2020-08-13,84.064
2020-08-14,69.785
2020-08-15,73.362
2020-08-16,70.439
2020-08-17,51.22
2020-08-18,66.301
2020-08-19,64.578
2020-08-20,75.56700000000001
2020-08-21,80.509
2020-08-22,79.508
2020-08-23,63.488
2020-08-24,52.467
2020-08-25,70.803
2020-08-26,67.92699999999999
2020-08-27,80.409
2020-08-28,86.611
2020-08-29,87.726
2020-08-30,67.767
2020-08-31,45.913
2020-09-01,65.77600000000001
2020-09-02,72.41
2020-09-03,72.529
2020-09-04,73.081
2020-09-05,80.765
2020-09-06,64.021
2020-09-07,51.081
2020-09-08,76.413
2020-09-09,70.971
2020-09-10,75.885
2020-09-11,87.434
2020-09-12,81.09
2020-09-13,66.94
2020-09-14,50.334
2020-09-15,62.300999999999995
2020-09-16,63.19200000000001
2020-09-17,66.477
2020-09-18,87.752
2020-09-19,95.242
2020-09-20,70.989
2020-09-21,54.17099999999999
2020-09-22,73.6
2020-09-23,68.361
2020-09-24,82.09700000000001
2020-09-25,80.227
2020-09-26,88.994
2020-09-27,72.699
2020-09-28,62.956
2020-09-29,74.604
2020-09-30,71.895
2020-10-01,77.095
2020-10-02,81.337
2020-10-03,78.277
2020-10-04,69.92999999999999
2020-10-05,54.664
2020-10-06,77.922
2020-10-07,72.971
2020-10-08,69.105
2020-10-09,77.065
2020-10-10,71.854
2020-10-11,65.792
2020-10-12,56.958999999999996
2020-10-13,48.483000000000004
2020-10-14,53.72
2020-10-15,64.501
2020-10-16,78.417
2020-10-17,79.157
2020-10-18,67.0
2020-10-19,69.095
2020-10-20,59.642
2020-10-21,65.065
2020-10-22,82.705
2020-10-23,83.539
2020-10-24,90.491
2020-10-25,84.72200000000001
2020-10-26,71.482
2020-10-27,73.672
2020-10-28,78.003
2020-10-29,85.463
2020-10-30,86.004
2020-10-31,86.407
2020-11-01,77.621
2020-11-02,63.446
2020-11-03,77.219
2020-11-04,52.163
2020-11-05,57.1
2020-11-06,63.745000000000005
2020-11-07,68.283
2020-11-08,64.499
2020-11-09,50.906
2020-11-10,61.221000000000004
2020-11-11,71.24
2020-11-12,73.39
2020-11-13,78.079
2020-11-14,73.44
2020-11-15,60.342
2020-11-16,48.806000000000004
2020-11-17,65.629
2020-11-18,70.437
2020-11-19,89.14599999999999
2020-11-20,81.256
2020-11-21,94.33200000000001
2020-11-22,79.727
2020-11-23,61.91
2020-11-24,65.78
2020-11-25,76.255
2020-11-26,77.653
2020-11-27,73.093
2020-11-28,87.626
2020-11-29,61.257000000000005
2020-11-30,71.989
2020-12-01,76.23100000000001
2020-12-02,83.702
2020-12-03,83.49199999999999
2020-12-04,88.70100000000001
2020-12-05,88.151
2020-12-06,70.375
2020-12-07,61.583999999999996
2020-12-08,70.172
2020-12-09,51.335
2020-12-10,81.64099999999999
2020-12-11,71.667
2020-12-12,93.44999999999999
2020-12-13,65.589
2020-12-14,55.451
2020-12-15,76.455
2020-12-16,82.733
2020-12-17,84.633
2020-12-18,93.964
2020-12-19,57.657
2020-12-20,63.480000000000004
2020-12-21,62.666
2020-12-22,77.167
2020-12-23,70.816
2020-12-24,91.429
2020-12-25,98.892
2020-12-26,67.146
2020-12-27,58.135999999999996
2020-12-28,54.205
2020-12-29,69.658
2020-12-30,60.913000000000004
2020-12-31,88.98500000000001
2021-01-01,80.517
2021-01-02,67.59
2021-01-03,57.259
2021-01-04,53.792
2021-01-05,67.32300000000001
2021-01-06,71.912
2021-01-07,65.674
2021-01-08,73.19800000000001
2021-01-09,70.667
2021-01-10,63.083
2021-01-11,59.369
2021-01-12,59.322
2021-01-13,66.619
2021-01-14,81.92099999999999
2021-01-15,78.08500000000001
2021-01-16,78.92
2021-01-17,66.004
2021-01-18,55.388999999999996
2021-01-19,64.26899999999999
2021-01-20,72.447
2021-01-21,85.65899999999999
2021-01-22,94.268
2021-01-23,79.16199999999999
2021-01-24,60.34
2021-01-25,58.613
2021-01-26,65.812
2021-01-27,74.96600000000001
2021-01-28,75.819
2021-01-29,84.03
2021-01-30,64.953
2021-01-31,77.645
2021-02-01,66.376
2021-02-02,74.012
2021-02-03,76.274
2021-02-04,68.357
2021-02-05,75.644
2021-02-06,78.882
2021-02-07,64.059
2021-02-08,59.226
2021-02-09,67.92699999999999
2021-02-10,55.78
2021-02-11,54.445
2021-02-12,60.227
2021-02-13,68.42099999999999
2021-02-14,60.721000000000004
2021-02-15,55.239999999999995
2021-02-16,75.542
2021-02-17,55.126
2021-02-18,48.534
2021-02-19,54.359
2021-02-20,59.717999999999996
2021-02-21,60.994
2021-02-22,45.674
2021-02-23,45.676
2021-02-24,49.72
2021-02-25,46.795
2021-02-26,47.129999999999995
2021-02-27,49.275999999999996
2021-02-28,51.44799999999999
2021-03-01,50.906
2021-03-02,53.557
2021-03-03,54.922
2021-03-04,52.371
2021-03-05,50.695
2021-03-06,62.665000000000006
2021-03-07,62.722
2021-03-08,53.449
2021-03-09,69.381
2021-03-10,65.64699999999999
2021-03-11,68.09100000000001
2021-03-12,61.584999999999994
2021-03-13,74.83
2021-03-14,70.67999999999999
2021-03-15,70.164
2021-03-16,67.48700000000001
2021-03-17,78.397
2021-03-18,75.89500000000001
2021-03-19,89.342
2021-03-20,72.175
2021-03-21,64.41
2021-03-22,54.761
2021-03-23,50.979
2021-03-24,66.73599999999999
2021-03-25,68.065
2021-03-26,69.89699999999999
2021-03-27,73.801
2021-03-28,56.217
2021-03-29,56.760999999999996
2021-03-30,59.981
2021-03-31,68.73
2021-04-01,78.304
2021-04-02,69.286
2021-04-03,57.146
2021-04-04,55.0
2021-04-05,41.804
2021-04-06,56.261
2021-04-07,59.878
2021-04-08,60.777
2021-04-09,71.348
2021-04-10,83.55000000000001
2021-04-11,90.027
2021-04-12,73.981
2021-04-13,61.768
2021-04-14,71.803
2021-04-15,75.155
2021-04-16,73.896
2021-04-17,77.894
2021-04-18,62.422
2021-04-19,58.562
2021-04-20,69.985
2021-04-21,61.638999999999996
2021-04-22,78.524
2021-04-23,82.313
2021-04-24,82.534
2021-04-25,71.831
2021-04-26,70.645
2021-04-27,67.16
2021-04-28,69.441
2021-04-29,73.794
2021-04-30,77.675
2021-05-01,76.983
2021-05-02,62.365
2021-05-03,46.693
2021-05-04,70.8
2021-05-05,73.059
2021-05-06,85.42099999999999
2021-05-07,85.401
2021-05-08,87.494
2021-05-09,73.755
2021-05-10,74.207
2021-05-11,85.9
2021-05-12,78.227
2021-05-13,82.311
2021-05-14,94.213
2021-05-15,91.812
2021-05-16,70.622
2021-05-17,59.053
2021-05-18,49.763000000000005
2021-05-19,68.609
2021-05-20,72.306
2021-05-21,75.407
2021-05-22,82.404
2021-05-23,67.31
2021-05-24,61.735
2021-05-25,72.96
2021-05-26,73.664
2021-05-27,70.497
2021-05-28,66.13499999999999
2021-05-29,63.034
2021-05-30,48.838
2021-05-31,44.374
2021-06-01,62.775000000000006
2021-06-02,62.57599999999999
2021-06-03,74.756
2021-06-04,80.406
2021-06-05,65.583
2021-06-06,45.601
2021-06-07,39.766
2021-06-08,56.125
2021-06-09,66.134
2021-06-10,78.774
2021-06-11,75.548
2021-06-12,74.553
2021-06-13,53.137
2021-06-14,47.141
2021-06-15,59.444
2021-06-16,59.407
2021-06-17,69.055
2021-06-18,62.306
2021-06-19,65.662
2021-06-20,47.113
2021-06-21,43.41
2021-06-22,57.015
2021-06-23,60.214
2021-06-24,65.801
2021-06-25,52.834999999999994
2021-06-26,50.692
2021-06-27,39.043
2021-06-28,42.982
2021-06-29,53.688
2021-06-30,74.255
2021-07-01,78.073
2021-07-02,81.016
2021-07-03,83.63499999999999
2021-07-04,61.051
2021-07-05,60.408
2021-07-06,54.946
2021-07-07,70.487
2021-07-08,75.782
2021-07-09,83.548
2021-07-10,77.342
2021-07-11,58.419
2021-07-12,56.653
2021-07-13,68.723
2021-07-14,68.443
2021-07-15,81.38
2021-07-16,79.223
2021-07-17,67.463
2021-07-18,50.800000000000004
2021-07-19,58.492999999999995
2021-07-20,59.364999999999995
2021-07-21,64.776
2021-07-22,77.513
2021-07-23,80.232
2021-07-24,81.14
2021-07-25,65.03800000000001
2021-07-26,60.349999999999994
2021-07-27,65.30199999999999
2021-07-28,69.393
2021-07-29,68.562
2021-07-30,84.553
2021-07-31,79.886
2021-08-01,73.589
2021-08-02,54.787
2021-08-03,64.672
2021-08-04,72.169
2021-08-05,82.405
2021-08-06,71.257
2021-08-07,81.132
2021-08-08,65.99000000000001
2021-08-09,60.801
2021-08-10,66.981
2021-08-11,65.928
2021-08-12,68.847
2021-08-13,75.239
2021-08-14,76.32
2021-08-15,56.853
2021-08-16,39.563
2021-08-17,55.224
2021-08-18,62.272
2021-08-19,63.937000000000005
2021-08-20,68.052
2021-08-21,77.07
2021-08-22,58.202
2021-08-23,55.734
2021-08-24,67.091
2021-08-25,74.043
2021-08-26,72.724
2021-08-27,79.048
2021-08-28,72.32
2021-08-29,60.105999999999995
2021-08-30,53.188
2021-08-31,65.08
2021-09-01,64.726
2021-09-02,74.682
2021-09-03,80.82
2021-09-04,85.144
2021-09-05,59.775
2021-09-06,59.077
2021-09-07,67.715
2021-09-08,68.956
2021-09-09,86.507
2021-09-10,86.11
2021-09-11,82.691
2021-09-12,67.741
2021-09-13,50.128
2021-09-14,64.884
2021-09-15,65.47200000000001
2021-09-16,83.51700000000001
2021-09-17,86.705
2021-09-18,79.816
2021-09-19,57.271
2021-09-20,56.017
2021-09-21,61.811
2021-09-22,68.437
2021-09-23,77.211
2021-09-24,84.787
2021-09-25,84.607
2021-09-26,62.132999999999996
2021-09-27,47.947
2021-09-28,69.842
2021-09-29,80.98
2021-09-30,70.363
2021-10-01,81.272
2021-10-02,80.279
2021-10-03,63.058
2021-10-04,60.747
2021-10-05,79.289
2021-10-06,80.178
2021-10-07,89.691
2021-10-08,92.467
2021-10-09,79.90100000000001
2021-10-10,65.972
2021-10-11,54.681
2021-10-12,65.03
2021-10-13,50.652
2021-10-14,80.1
2021-10-15,86.376
2021-10-16,84.419
2021-10-17,51.908
2021-10-18,44.699000000000005
2021-10-19,64.313
2021-10-20,80.158
2021-10-21,91.36500000000001
2021-10-22,86.275
2021-10-23,84.211
2021-10-24,61.099000000000004
2021-10-25,55.349
2021-10-26,68.623
2021-10-27,76.279
2021-10-28,85.661
2021-10-29,94.225
2021-10-30,90.832
2021-10-31,55.575
2021-11-01,44.798
2021-11-02,52.501999999999995
2021-11-03,58.053
2021-11-04,53.488
2021-11-05,67.15
2021-11-06,73.038
2021-11-07,57.96
2021-11-08,48.199
2021-11-09,66.373
2021-11-10,67.943
2021-11-11,83.59
2021-11-12,81.712
2021-11-13,86.28399999999999
2021-11-14,71.651
2021-11-15,58.425000000000004
2021-11-16,65.162
2021-11-17,65.97800000000001
2021-11-18,77.605
2021-11-19,87.781
2021-11-20,85.4
2021-11-21,62.668
2021-11-22,62.909000000000006
2021-11-23,69.34
2021-11-24,70.505
2021-11-25,73.184
2021-11-26,92.27099999999999
2021-11-27,88.90899999999999
2021-11-28,74.055
2021-11-29,56.888000000000005
2021-11-30,76.81
2021-12-01,73.867
2021-12-02,80.998
2021-12-03,88.84400000000001
2021-12-04,90.47399999999999
2021-12-05,68.502
2021-12-06,50.989
2021-12-07,50.36
2021-12-08,55.44800000000001
2021-12-09,56.099000000000004
2021-12-10,67.522
2021-12-11,69.54
2021-12-12,57.44
2021-12-13,54.544999999999995
2021-12-14,68.077
2021-12-15,73.467
2021-12-16,82.72800000000001
2021-12-17,90.641
2021-12-18,87.237
2021-12-19,60.964000000000006
2021-12-20,55.119
2021-12-21,79.944
2021-12-22,77.885
2021-12-23,83.86
2021-12-24,103.386
2021-12-25,73.1
2021-12-26,57.06
2021-12-27,55.101
2021-12-28,69.894
2021-12-29,81.368
2021-12-30,82.69800000000001
2021-12-31,84.613
2022-01-01,87.867
2022-01-02,69.666
2022-01-03,67.252
2022-01-04,78.297
2022-01-05,84.251
2022-01-06,81.15899999999999
2022-01-07,66.354
2022-01-08,68.77199999999999
2022-01-09,65.099
2022-01-10,58.717
2022-01-11,63.83
2022-01-12,62.362
2022-01-13,67.922
2022-01-14,72.485
2022-01-15,78.123
2022-01-16,69.76
2022-01-17,63.815
2022-01-18,75.72
2022-01-19,72.199
2022-01-20,72.488
2022-01-21,87.38399999999999
2022-01-22,92.523
2022-01-23,80.863
2022-01-24,67.257
2022-01-25,82.612
2022-01-26,80.78399999999999
2022-01-27,80.891
2022-01-28,89.73599999999999
2022-01-29,75.03899999999999
2022-01-30,64.239
2022-01-31,47.318
2022-02-01,71.945
2022-02-02,72.236
2022-02-03,91.747
2022-02-04,96.577
2022-02-05,97.59100000000001
2022-02-06,78.435
2022-02-07,72.47
2022-02-08,76.309
2022-02-09,75.778
2022-02-10,77.625
2022-02-11,92.62400000000001
2022-02-12,90.502
2022-02-13,70.573
2022-02-14,57.114999999999995
2022-02-15,84.513
2022-02-16,79.296
2022-02-17,81.10900000000001
2022-02-18,89.256
2022-02-19,93.839
2022-02-20,81.136
2022-02-21,76.588
2022-02-22,80.243
2022-02-23,75.761
2022-02-24,80.097
2022-02-25,85.349
2022-02-26,80.78999999999999
2022-02-27,79.77199999999999
2022-02-28,59.747
2022-03-01,58.957
2022-03-02,59.79600000000001
2022-03-03,62.954
2022-03-04,83.47200000000001
2022-03-05,93.78399999999999
2022-03-06,65.344
2022-03-07,58.47
2022-03-08,63.421
2022-03-09,75.389
2022-03-10,93.901
2022-03-11,100.262
2022-03-12,101.47
2022-03-13,70.601
2022-03-14,66.48
2022-03-15,83.298
2022-03-16,76.003
2022-03-17,92.284
2022-03-18,92.21600000000001
2022-03-19,84.663
2022-03-20,64.453
2022-03-21,49.396
2022-03-22,63.244
2022-03-23,67.587
2022-03-24,78.321
2022-03-25,85.07400000000001
2022-03-26,91.662
2022-03-27,71.899
2022-03-28,64.078
2022-03-29,75.998
2022-03-30,82.257
2022-03-31,90.96
2022-04-01,76.881
2022-04-02,99.22999999999999
2022-04-03,78.436
2022-04-04,66.845
2022-04-05,70.359
2022-04-06,69.192
2022-04-07,76.087
2022-04-08,76.459
2022-04-09,88.214
2022-04-10,74.721
2022-04-11,73.932
2022-04-12,74.971
2022-04-13,84.144
2022-04-14,80.342
2022-04-15,64.474
2022-04-16,51.825
2022-04-17,41.044
2022-04-18,53.997
2022-04-19,58.183
2022-04-20,55.69499999999999
2022-04-21,77.211
2022-04-22,87.821
2022-04-23,88.039
2022-04-24,75.157
2022-04-25,62.632999999999996
2022-04-26,78.019
2022-04-27,78.152
2022-04-28,94.007
2022-04-29,94.703
2022-04-30,96.929
2022-05-01,66.768
2022-05-02,71.372
2022-05-03,73.304
2022-05-04,66.57
2022-05-05,87.72
2022-05-06,92.104
2022-05-07,88.17500000000001
2022-05-08,63.923
2022-05-09,58.068
2022-05-10,66.842
2022-05-11,75.311
2022-05-12,89.31700000000001
2022-05-13,97.092
2022-05-14,86.76400000000001
2022-05-15,64.93
2022-05-16,58.923
2022-05-17,70.24
2022-05-18,57.326
2022-05-19,77.68299999999999
2022-05-20,83.44900000000001
2022-05-21,88.463
2022-05-22,65.938
2022-05-23,53.331999999999994
2022-05-24,75.763
2022-05-25,73.136
2022-05-26,86.655
2022-05-27,86.20400000000001
2022-05-28,88.615
2022-05-29,71.874
2022-05-30,60.604
2022-05-31,76.932
2022-06-01,78.801
2022-06-02,89.244
2022-06-03,97.28800000000001
2022-06-04,91.667
2022-06-05,74.207
2022-06-06,59.522000000000006
2022-06-07,68.979
2022-06-08,65.543
2022-06-09,77.413
2022-06-10,90.084
2022-06-11,80.16499999999999
2022-06-12,56.208000000000006
2022-06-13,49.371
2022-06-14,61.516999999999996
2022-06-15,64.686
2022-06-16,74.942
2022-06-17,87.152
2022-06-18,90.02799999999999
2022-06-19,72.299
2022-06-20,64.9
2022-06-21,73.493
2022-06-22,75.411
2022-06-23,82.352
2022-06-24,85.994
2022-06-25,61.985
2022-06-26,51.509
2022-06-27,39.479
2022-06-28,54.18899999999999
2022-06-29,68.317
2022-06-30,70.959
2022-07-01,77.801
2022-07-02,77.662
2022-07-03,61.228
2022-07-04,60.163
2022-07-05,66.267
2022-07-06,71.456
2022-07-07,81.771
2022-07-08,77.852
2022-07-09,80.25200000000001
2022-07-10,59.046
2022-07-11,52.268
2022-07-12,68.656
2022-07-13,64.642
2022-07-14,74.69
2022-07-15,85.66399999999999
2022-07-16,74.726
2022-07-17,53.661
2022-07-18,50.505
2022-07-19,61.089
2022-07-20,66.222
2022-07-21,77.71000000000001
2022-07-22,79.807
2022-07-23,78.746
2022-07-24,63.281
2022-07-25,42.855999999999995
2022-07-26,45.073
2022-07-27,61.981
2022-07-28,73.789
2022-07-29,78.112
2022-07-30,78.95
2022-07-31,56.083
2022-08-01,54.387
2022-08-02,63.44199999999999
2022-08-03,66.304
2022-08-04,63.927
2022-08-05,71.80199999999999
2022-08-06,79.195
2022-08-07,56.684000000000005
2022-08-08,40.986
2022-08-09,67.063
2022-08-10,64.276
2022-08-11,71.495
2022-08-12,74.894
2022-08-13,78.382
2022-08-14,56.81999999999999
2022-08-15,43.737
2022-08-16,40.943
2022-08-17,66.23
2022-08-18,71.105
2022-08-19,73.881
2022-08-20,82.744
2022-08-21,60.829
2022-08-22,47.202
2022-08-23,62.343
2022-08-24,76.227
2022-08-25,79.53
2022-08-26,70.052
2022-08-27,80.05799999999999
2022-08-28,62.715999999999994
2022-08-29,48.967
2022-08-30,65.30199999999999
2022-08-31,65.638
2022-09-01,71.916
2022-09-02,70.838
2022-09-03,73.068
2022-09-04,57.599
2022-09-05,60.117000000000004
2022-09-06,69.895
2022-09-07,67.619
2022-09-08,69.269
2022-09-09,75.102
2022-09-10,70.518
2022-09-11,49.626000000000005
2022-09-12,44.431
2022-09-13,58.676
2022-09-14,74.4
2022-09-15,77.156
2022-09-16,78.547
2022-09-17,84.778
2022-09-18,65.87
2022-09-19,52.073
2022-09-20,70.417
2022-09-21,72.789
2022-09-22,82.487
2022-09-23,84.861
2022-09-24,88.45400000000001
2022-09-25,69.918
2022-09-26,44.358000000000004
2022-09-27,66.944
2022-09-28,65.647
2022-09-29,73.63
2022-09-30,85.803
2022-10-01,86.27
2022-10-02,61.278
2022-10-03,56.115
2022-10-04,72.173
2022-10-05,64.459
2022-10-06,85.799
2022-10-07,86.571
2022-10-08,56.919
2022-10-09,48.1
2022-10-10,52.958
2022-10-11,70.072
2022-10-12,71.46300000000001
2022-10-13,53.616
2022-10-14,62.737
2022-10-15,67.686
2022-10-16,50.915000000000006
2022-10-17,33.479
2022-10-18,52.502
2022-10-19,58.053
2022-10-20,65.0
2022-10-21,73.608
2022-10-22,78.171
2022-10-23,63.830999999999996
2022-10-24,52.032
2022-10-25,67.01400000000001
2022-10-26,76.40899999999999
2022-10-27,79.526
2022-10-28,85.03
2022-10-29,85.965
2022-10-30,70.61500000000001
2022-10-31,57.099
2022-11-01,61.727000000000004
2022-11-02,54.528999999999996
2022-11-03,67.227
2022-11-04,62.045
2022-11-05,67.477
2022-11-06,49.982
2022-11-07,53.826
2022-11-08,69.128
2022-11-09,73.584
2022-11-10,82.357
2022-11-11,88.44
2022-11-12,98.863
2022-11-13,70.632
2022-11-14,54.824000000000005
2022-11-15,69.633
2022-11-16,82.946
2022-11-17,78.417
2022-11-18,86.07
2022-11-19,85.87400000000001
2022-11-20,60.756
2022-11-21,44.111999999999995
2022-11-22,61.46
2022-11-23,63.388999999999996
2022-11-24,69.051
2022-11-25,77.42699999999999
2022-11-26,69.286
2022-11-27,56.611999999999995
2022-11-28,50.315
2022-11-29,67.02799999999999
2022-11-30,57.144000000000005
2022-12-01,77.089
2022-12-02,77.608
2022-12-03,75.749
2022-12-04,52.631
2022-12-05,52.465
2022-12-06,60.882999999999996
2022-12-07,53.009
2022-12-08,63.081
2022-12-09,57.535
2022-12-10,58.730000000000004
2022-12-11,49.675999999999995
2022-12-12,48.894
2022-12-13,65.799
2022-12-14,60.043
2022-12-15,76.368
2022-12-16,73.726
2022-12-17,59.718
2022-12-18,39.795
2022-12-19,36.565
2022-12-20,53.199999999999996
2022-12-21,61.35
2022-12-22,64.124
2022-12-23,66.895
2022-12-24,64.746
2022-12-25,53.001
2022-12-26,41.295
2022-12-27,58.503
2022-12-28,56.94
2022-12-29,69.144
2022-12-30,68.068
2022-12-31,64.616
2023-01-01,27.569
2023-01-02,36.758
2023-01-03,64.017
2023-01-04,62.885000000000005
2023-01-05,67.07900000000001
2023-01-06,83.976
2023-01-07,70.888
2023-01-08,51.098
2023-01-09,47.224000000000004
2023-01-10,57.568
2023-01-11,66.42699999999999
2023-01-12,75.049
2023-01-13,76.221
2023-01-14,76.70700000000001
2023-01-15,55.449
2023-01-16,48.733
2023-01-17,55.828
2023-01-18,55.567
2023-01-19,55.998
2023-01-20,59.414
2023-01-21,59.235
2023-01-22,41.489
2023-01-23,40.142999999999994
2023-01-24,51.704
2023-01-25,48.435
2023-01-26,63.263999999999996
2023-01-27,68.381
2023-01-28,56.161
2023-01-29,58.766000000000005
2023-01-30,46.472
2023-01-31,57.429
2023-02-01,53.253
2023-02-02,71.66
2023-02-03,68.099
2023-02-04,70.45400000000001
2023-02-05,58.58
2023-02-06,55.847
2023-02-07,63.381
2023-02-08,67.072
2023-02-09,67.96000000000001
2023-02-10,76.75399999999999
2023-02-11,84.265
2023-02-12,76.753
2023-02-13,64.678
2023-02-14,74.21000000000001
2023-02-15,71.733
2023-02-16,77.664
2023-02-17,72.973
2023-02-18,81.793
2023-02-19,69.639
2023-02-20,64.257
2023-02-21,70.279
2023-02-22,49.672000000000004
2023-02-23,77.013
2023-02-24,76.659
2023-02-25,66.565
2023-02-26,67.96000000000001
2023-02-27,64.822
2023-02-28,64.32300000000001
2023-03-01,68.461
2023-03-02,76.34700000000001
2023-03-03,76.597
2023-03-04,74.358
2023-03-05,70.914
2023-03-06,68.439
2023-03-07,74.213
2023-03-08,79.483
2023-03-09,89.81
2023-03-10,96.798
2023-03-11,87.051
2023-03-12,68.56099999999999
2023-03-13,60.427
2023-03-14,75.368
2023-03-15,84.428
2023-03-16,92.643
2023-03-17,92.128
2023-03-18,94.404
2023-03-19,56.191
2023-03-20,52.417
2023-03-21,66.455
2023-03-22,69.148
2023-03-23,86.622
2023-03-24,92.498
2023-03-25,82.576
2023-03-26,58.699
2023-03-27,64.017
2023-03-28,76.064
2023-03-29,76.798
2023-03-30,84.178
2023-03-31,91.814
2023-04-01,84.437
2023-04-02,63.217
2023-04-03,63.361999999999995
2023-04-04,76.52000000000001
2023-04-05,84.9
2023-04-06,89.312
2023-04-07,64.998
2023-04-08,59.106
2023-04-09,52.376000000000005
2023-04-10,58.104
2023-04-11,75.297
2023-04-12,78.288
2023-04-13,98.125
2023-04-14,93.731
2023-04-15,104.65200000000002
2023-04-16,66.354
2023-04-17,73.208
2023-04-18,82.041
2023-04-19,86.052
2023-04-20,91.499
2023-04-21,98.707
2023-04-22,102.85300000000001
2023-04-23,74.717
2023-04-24,70.46799999999999
2023-04-25,80.392
2023-04-26,91.292
2023-04-27,96.502
2023-04-28,102.11500000000001
2023-04-29,95.502
2023-04-30,73.113
2023-05-01,53.061
2023-05-02,47.199
2023-05-03,56.588
2023-05-04,64.086
2023-05-05,68.487
2023-05-06,75.506
2023-05-07,67.286
2023-05-08,70.345
2023-05-09,82.509
2023-05-10,84.136
2023-05-11,90.603
2023-05-12,92.238
2023-05-13,78.58500000000001
2023-05-14,61.955
2023-05-15,60.173
2023-05-16,73.78
2023-05-17,72.662
2023-05-18,42.351
2023-05-19,71.96000000000001
2023-05-20,74.268
2023-05-21,59.38
2023-05-22,62.577999999999996
2023-05-23,77.836
2023-05-24,77.20400000000001
2023-05-25,85.011
2023-05-26,91.60400000000001
2023-05-27,91.033
2023-05-28,71.274
2023-05-29,61.789
2023-05-30,77.40100000000001
2023-05-31,78.854
2023-06-01,86.243
2023-06-02,94.511
2023-06-03,87.473
2023-06-04,64.588
2023-06-05,59.527
2023-06-06,76.953
2023-06-07,83.0
2023-06-08,86.374
2023-06-09,92.45
2023-06-10,97.591
2023-06-11,63.453
2023-06-12,59.245000000000005
2023-06-13,71.695
2023-06-14,77.268
2023-06-15,83.453
2023-06-16,93.953
2023-06-17,86.62899999999999
2023-06-18,63.907
2023-06-19,58.785
2023-06-20,78.53999999999999
2023-06-21,86.67
2023-06-22,88.366
2023-06-23,94.192
2023-06-24,85.223
2023-06-25,47.471
2023-06-26,59.431999999999995
2023-06-27,64.757
2023-06-28,75.392
2023-06-29,76.85
2023-06-30,88.827
2023-07-01,81.163
2023-07-02,66.518
2023-07-03,49.022
2023-07-04,68.60900000000001
2023-07-05,77.214
2023-07-06,79.798
2023-07-07,86.39
2023-07-08,71.507
2023-07-09,53.355
2023-07-10,42.503
2023-07-11,61.464999999999996
2023-07-12,82.201
2023-07-13,85.549
2023-07-14,96.57900000000001
2023-07-15,93.82300000000001
2023-07-16,66.465
2023-07-17,62.099
2023-07-18,75.458
2023-07-19,65.366
2023-07-20,86.262
2023-07-21,92.941
2023-07-22,75.566
2023-07-23,64.082
2023-07-24,54.351
2023-07-25,68.425
2023-07-26,59.05200000000001
2023-07-27,73.888
2023-07-28,78.522
2023-07-29,85.696
2023-07-30,61.019
2023-07-31,56.187
2023-08-01,75.158
2023-08-02,79.849
2023-08-03,85.963
2023-08-04,94.065
2023-08-05,88.399
2023-08-06,53.19
2023-08-07,59.809
2023-08-08,73.078
2023-08-09,82.34899999999999
2023-08-10,72.651
2023-08-11,79.97999999999999
2023-08-12,83.091
2023-08-13,57.203
2023-08-14,47.144
2023-08-15,66.168
2023-08-16,51.779
2023-08-17,62.101000000000006
2023-08-18,78.97500000000001
2023-08-19,75.031
2023-08-20,52.28
2023-08-21,50.339999999999996
2023-08-22,71.48
2023-08-23,73.43299999999999
2023-08-24,82.91
2023-08-25,78.831
2023-08-26,76.656
2023-08-27,60.348
2023-08-28,61.177
2023-08-29,80.802
2023-08-30,81.652
2023-08-31,83.601
2023-09-01,95.344
2023-09-02,93.949
2023-09-03,59.787000000000006
2023-09-04,47.778999999999996
2023-09-05,65.401
2023-09-06,78.961
2023-09-07,93.223
2023-09-08,97.87200000000001
2023-09-09,80.725
2023-09-10,64.232
2023-09-11,60.143
2023-09-12,74.261
2023-09-13,82.882
2023-09-14,73.551
2023-09-15,85.659
2023-09-16,83.586
2023-09-17,54.742999999999995
2023-09-18,62.097
2023-09-19,83.01599999999999
2023-09-20,83.75
2023-09-21,88.927
2023-09-22,77.748
2023-09-23,88.491
2023-09-24,60.738
2023-09-25,47.772
2023-09-26,72.528
2023-09-27,86.688
2023-09-28,91.31200000000001
2023-09-29,95.99799999999999
2023-09-30,83.944
2023-10-01,64.83
2023-10-02,64.322
2023-10-03,79.374
2023-10-04,78.91499999999999
2023-10-05,83.431
2023-10-06,77.448
2023-10-07,68.941
2023-10-08,48.546
2023-10-09,47.271
2023-10-10,72.121
2023-10-11,75.65899999999999
2023-10-12,85.904
2023-10-13,63.968
2023-10-14,57.163
2023-10-15,37.783
2023-10-16,43.073
2023-10-17,57.676
2023-10-18,62.366
2023-10-19,62.379000000000005
2023-10-20,74.438
2023-10-21,82.681
2023-10-22,58.553000000000004
2023-10-23,47.010999999999996
2023-10-24,70.477
2023-10-25,68.982
2023-10-26,73.78999999999999
2023-10-27,69.552
2023-10-28,76.188
2023-10-29,61.528000000000006
2023-10-30,51.207
2023-10-31,61.139
2023-11-01,40.125
2023-11-02,34.298
2023-11-03,43.226000000000006
2023-11-04,31.74
2023-11-05,18.253
2023-11-06,28.075
2023-11-07,47.964999999999996
2023-11-08,54.872
2023-11-09,56.552
2023-11-10,61.93600000000001
2023-11-11,65.351
2023-11-12,52.364000000000004
2023-11-13,37.836
2023-11-14,54.922
2023-11-15,59.830000000000005
2023-11-16,67.483
2023-11-17,71.917
2023-11-18,69.787
2023-11-19,48.067
2023-11-20,49.944
2023-11-21,60.586
2023-11-22,58.241
2023-11-23,69.263
2023-11-24,71.515
2023-11-25,75.986
2023-11-26,50.29900000000001
2023-11-27,47.65
2023-11-28,61.976
2023-11-29,59.242
2023-11-30,72.321
2023-12-01,72.213
2023-12-02,77.046
2023-12-03,53.163
2023-12-04,46.819
2023-12-05,58.957
2023-12-06,63.815
2023-12-07,58.188
2023-12-08,62.974
2023-12-09,50.598
2023-12-10,42.294
2023-12-11,38.824
2023-12-12,59.021
2023-12-13,60.013
2023-12-14,67.569
2023-12-15,68.893
2023-12-16,70.906
2023-12-17,69.405
2023-12-18,47.474000000000004
2023-12-19,57.377
2023-12-20,58.313
2023-12-21,68.358
2023-12-22,71.628
2023-12-23,81.358
2023-12-24,70.152
2023-12-25,48.813
2023-12-26,55.805
2023-12-27,60.346999999999994
2023-12-28,67.47399999999999
2023-12-29,88.13300000000001
2023-12-30,96.77000000000001
2023-12-31,70.627
2024-01-01,54.523
2024-01-02,49.623
2024-01-03,57.905
2024-01-04,73.891
2024-01-05,74.424
2024-01-06,79.418
2024-01-07,64.622
2024-01-08,55.153999999999996
2024-01-09,64.934
2024-01-10,60.154
2024-01-11,48.537
2024-01-12,67.792
2024-01-13,76.126
2024-01-14,59.095
2024-01-15,50.31100000000001
2024-01-16,67.231
2024-01-17,63.175000000000004
2024-01-18,72.46
2024-01-19,81.472
2024-01-20,75.212
2024-01-21,55.262
2024-01-22,51.834
2024-01-23,62.923
2024-01-24,64.904
2024-01-25,74.939
2024-01-26,80.163
2024-01-27,69.68100000000001
2024-01-28,51.483999999999995
2024-01-29,51.488
2024-01-30,63.736
2024-01-31,63.005
2024-02-01,74.525
2024-02-02,76.238
2024-02-03,71.047
2024-02-04,63.499
2024-02-05,50.78
2024-02-06,63.442
2024-02-07,72.578
2024-02-08,77.365
2024-02-09,82.133
2024-02-10,72.94
2024-02-11,46.603
2024-02-12,40.121
2024-02-13,51.94
2024-02-14,47.548
2024-02-15,58.695
2024-02-16,75.62299999999999
2024-02-17,79.967
2024-02-18,58.705
2024-02-19,60.934
2024-02-20,70.105
2024-02-21,73.30499999999999
2024-02-22,85.6
2024-02-23,85.436
2024-02-24,93.051
2024-02-25,49.637
2024-02-26,34.851
2024-02-27,47.537
2024-02-28,50.249
2024-02-29,54.11
2024-03-01,77.149
2024-03-02,87.974
2024-03-03,57.42699999999999
2024-03-04,50.188
2024-03-05,59.977000000000004
2024-03-06,61.141999999999996
2024-03-07,79.974
2024-03-08,78.649
2024-03-09,75.57
2024-03-10,43.918
2024-03-11,42.568
2024-03-12,57.537
2024-03-13,62.214999999999996
2024-03-14,71.032
2024-03-15,76.49600000000001
2024-03-16,75.17699999999999
2024-03-17,51.366
2024-03-18,45.09
2024-03-19,65.614
2024-03-20,80.553
2024-03-21,81.417
2024-03-22,88.935
2024-03-23,93.009
2024-03-24,58.837999999999994
2024-03-25,58.17
2024-03-26,68.432
2024-03-27,88.917
2024-03-28,79.39
2024-03-29,51.199
2024-03-30,37.187
2024-03-31,28.0
2024-04-01,43.282
2024-04-02,52.18
2024-04-03,62.71300000000001
2024-04-04,67.04599999999999
2024-04-05,71.959
2024-04-06,66.593
2024-04-07,51.044000000000004
2024-04-08,50.187
2024-04-09,52.236999999999995
2024-04-10,56.001000000000005
2024-04-11,57.373999999999995
2024-04-12,52.538
2024-04-13,45.003
2024-04-14,31.119
2024-04-15,33.336
2024-04-16,36.289
2024-04-17,40.907
2024-04-18,49.567
2024-04-19,62.919
2024-04-20,46.782
2024-04-21,29.212
2024-04-22,29.794
2024-04-23,39.247
2024-04-24,43.539
2024-04-25,61.678999999999995
2024-04-26,74.81700000000001
2024-04-27,73.075
2024-04-28,46.480000000000004
2024-04-29,37.053
2024-04-30,54.731
2024-05-01,51.43899999999999
2024-05-02,54.521
2024-05-03,68.329
2024-05-04,60.718
2024-05-05,42.057
2024-05-06,40.994
2024-05-07,51.739000000000004
2024-05-08,62.7
2024-05-09,68.883
2024-05-10,77.713
2024-05-11,66.232
2024-05-12,49.849000000000004
2024-05-13,44.015
2024-05-14,51.673
2024-05-15,58.83
2024-05-16,76.392
2024-05-17,68.087
2024-05-18,40.906
2024-05-19,33.933
2024-05-20,32.958
2024-05-21,47.239
2024-05-22,53.245999999999995
2024-05-23,81.541
2024-05-24,83.073
2024-05-25,82.197
2024-05-26,53.798
2024-05-27,49.621
2024-05-28,58.741
2024-05-29,51.257000000000005
2024-05-30,76.447
2024-05-31,67.447
2024-06-01,61.706999999999994
2024-06-02,47.144000000000005
2024-06-03,51.632000000000005
2024-06-04,69.906
2024-06-05,79.042
2024-06-06,88.673
2024-06-07,81.92999999999999
2024-06-08,86.60300000000001
2024-06-09,58.701
2024-06-10,58.498
2024-06-11,68.069
2024-06-12,66.259
2024-06-13,81.79599999999999
2024-06-14,88.711
2024-06-15,73.923
2024-06-16,51.297
2024-06-17,56.494
2024-06-18,79.495
2024-06-19,84.078
2024-06-20,79.955
2024-06-21,73.551
2024-06-22,68.94500000000001
2024-06-23,39.442
2024-06-24,40.689
2024-06-25,46.522999999999996
2024-06-26,61.646
2024-06-27,61.433
2024-06-28,75.907
2024-06-29,73.493
2024-06-30,56.268
2024-07-01,55.04599999999999
2024-07-02,64.17
2024-07-03,68.987
2024-07-04,59.878
2024-07-05,72.452
2024-07-06,56.31999999999999
2024-07-07,45.33
2024-07-08,47.384
2024-07-09,58.632
2024-07-10,75.155
2024-07-11,78.172
2024-07-12,78.339
2024-07-13,69.604
2024-07-14,42.913
2024-07-15,42.5
2024-07-16,54.526
2024-07-17,59.128
2024-07-18,75.75
2024-07-19,79.32
2024-07-20,68.678
2024-07-21,43.934
2024-07-22,53.831
2024-07-23,55.972
2024-07-24,62.464
2024-07-25,68.626
2024-07-26,59.796
2024-07-27,48.137
2024-07-28,40.138999999999996
2024-07-29,38.997
2024-07-30,56.397999999999996
2024-07-31,65.898
2024-08-01,75.636
2024-08-02,82.974
2024-08-03,71.789
2024-08-04,49.822
2024-08-05,55.736000000000004
2024-08-06,70.85000000000001
2024-08-07,72.193
2024-08-08,78.083
2024-08-09,86.978
2024-08-10,71.145
2024-08-11,48.676
2024-08-12,59.756
2024-08-13,58.047
2024-08-14,78.865
2024-08-15,70.971
2024-08-16,59.433
2024-08-17,55.611000000000004
2024-08-18,37.912
2024-08-19,41.763
2024-08-20,57.294000000000004
2024-08-21,60.053
2024-08-22,70.93
2024-08-23,64.367
2024-08-24,55.301
2024-08-25,41.900000000000006
2024-08-26,51.199999999999996
2024-08-27,60.366
2024-08-28,58.542
2024-08-29,59.684
2024-08-30,69.194
2024-08-31,62.285
2024-09-01,42.667
2024-09-02,40.105000000000004
2024-09-03,45.481
2024-09-04,61.477999999999994
2024-09-05,63.315999999999995
2024-09-06,63.177
2024-09-07,58.132
2024-09-08,47.432
2024-09-09,42.551
2024-09-10,55.527
2024-09-11,53.187
2024-09-12,54.623
2024-09-13,57.908
2024-09-14,63.169
2024-09-15,39.298
2024-09-16,43.599
2024-09-17,52.78
2024-09-18,62.216
2024-09-19,62.709999999999994
2024-09-20,72.054
2024-09-21,60.065
2024-09-22,41.85
2024-09-23,40.004999999999995
2024-09-24,57.117999999999995
2024-09-25,75.465
2024-09-26,72.257
2024-09-27,76.67699999999999
2024-09-28,76.374
2024-09-29,50.941
2024-09-30,45.998999999999995
2024-10-01,73.588
2024-10-02,78.925
2024-10-03,80.9
2024-10-04,83.452
2024-10-05,70.332
2024-10-06,41.208999999999996
2024-10-07,51.653
2024-10-08,59.682
2024-10-09,55.236999999999995
2024-10-10,79.691
2024-10-11,68.479
2024-10-12,69.235
2024-10-13,54.53999999999999
2024-10-14,47.347
2024-10-15,60.673
2024-10-16,65.999
2024-10-17,66.687
2024-10-18,56.483000000000004
2024-10-19,44.013
2024-10-20,39.78
2024-10-21,35.094
2024-10-22,52.762
2024-10-23,65.168
2024-10-24,76.401
2024-10-25,80.727
2024-10-26,80.451
2024-10-27,64.672
2024-10-28,59.799
2024-10-29,66.706
2024-10-30,66.66
2024-10-31,72.301
2024-11-01,67.82600000000001
2024-11-02,58.212
2024-11-03,44.379000000000005
2024-11-04,43.872
2024-11-05,54.304
2024-11-06,59.081
2024-11-07,74.798
2024-11-08,85.188
2024-11-09,73.371
2024-11-10,62.909000000000006
2024-11-11,56.548
2024-11-12,77.05
2024-11-13,86.467
2024-11-14,86.63
2024-11-15,75.859
2024-11-16,67.312
2024-11-17,48.980000000000004
2024-11-18,50.138999999999996
2024-11-19,53.054
2024-11-20,66.006
2024-11-21,69.373
2024-11-22,75.548
2024-11-23,72.689
2024-11-24,52.735
2024-11-25,55.372
2024-11-26,68.829
2024-11-27,68.132
2024-11-28,69.424
2024-11-29,69.237
2024-11-30,66.927
2024-12-01,46.68599999999999
2024-12-02,55.764
2024-12-03,66.94
2024-12-04,75.613
2024-12-05,79.91
2024-12-06,70.185
2024-12-07,55.426
2024-12-08,48.848
2024-12-09,57.048
2024-12-10,63.621
2024-12-11,73.696
2024-12-12,80.462
2024-12-13,93.02000000000001
2024-12-14,80.077
2024-12-15,68.539
2024-12-16,59.337
2024-12-17,73.471
2024-12-18,73.092
2024-12-19,84.88
2024-12-20,91.443
2024-12-21,93.147
2024-12-22,66.18
2024-12-23,55.70099999999999
2024-12-24,79.852
2024-12-25,67.066
2024-12-26,59.387
2024-12-27,78.23
2024-12-28,79.86
2024-12-29,57.431
2024-12-30,54.578
2024-12-31,73.41199999999999
2025-01-01,59.563
2025-01-02,62.261
2025-01-03,75.154
2025-01-04,72.941
2025-01-05,55.498000000000005
2025-01-06,42.859
2025-01-07,37.703
2025-01-08,51.093
2025-01-09,63.230000000000004
2025-01-10,82.422
2025-01-11,90.702
2025-01-12,69.644
2025-01-13,62.744
2025-01-14,77.334
2025-01-15,79.974
2025-01-16,88.68900000000001
2025-01-17,77.842
2025-01-18,72.54899999999999
2025-01-19,52.134
2025-01-20,39.85
2025-01-21,47.476
2025-01-22,54.272999999999996
2025-01-23,75.96600000000001
2025-01-24,79.598
2025-01-25,79.919
2025-01-26,53.679
2025-01-27,44.992
2025-01-28,54.696
2025-01-29,58.339000000000006
2025-01-30,73.70400000000001
2025-01-31,67.342
2025-02-01,71.076
2025-02-02,49.979
2025-02-03,46.822
2025-02-04,64.55499999999999
2025-02-05,70.506
2025-02-06,77.023
2025-02-07,72.43
2025-02-08,75.316
2025-02-09,55.431
2025-02-10,56.489999999999995
2025-02-11,63.962999999999994
2025-02-12,68.41199999999999
2025-02-13,66.206
2025-02-14,71.602
2025-02-15,69.82000000000001
2025-02-16,45.376
2025-02-17,45.86
2025-02-18,63.611000000000004
2025-02-19,73.99
2025-02-20,91.00500000000001
2025-02-21,91.936
2025-02-22,91.423
2025-02-23,58.839
2025-02-24,59.824
2025-02-25,72.67999999999999
2025-02-26,76.971
2025-02-27,88.031
2025-02-28,91.837
2025-03-01,85.059
2025-03-02,64.146
2025-03-03,50.594
2025-03-04,53.053999999999995
2025-03-05,50.416
2025-03-06,65.542
2025-03-07,73.51400000000001
2025-03-08,62.794
2025-03-09,48.602000000000004
2025-03-10,52.649
2025-03-11,65.347
2025-03-12,76.036
2025-03-13,81.131
2025-03-14,86.568
2025-03-15,80.587
2025-03-16,58.295
2025-03-17,46.774
2025-03-18,71.69800000000001
2025-03-19,71.214
2025-03-20,87.25
2025-03-21,87.286
2025-03-22,68.62
2025-03-23,47.489000000000004
2025-03-24,38.807
2025-03-25,63.153999999999996
2025-03-26,62.011
2025-03-27,66.47
2025-03-28,68.432
2025-03-29,56.727000000000004
2025-03-30,39.154
2025-03-31,40.403999999999996
2025-04-01,73.856
2025-04-02,70.91900000000001
2025-04-03,67.546
2025-04-04,78.562
2025-04-05,70.33
2025-04-06,61.875
2025-04-07,55.275999999999996
2025-04-08,63.866
2025-04-09,71.476
2025-04-10,74.371
2025-04-11,85.4
2025-04-12,84.679
2025-04-13,56.650000000000006
2025-04-14,47.644999999999996
2025-04-15,68.249
2025-04-16,75.90299999999999
2025-04-17,66.416
2025-04-18,49.539
2025-04-19,37.497
2025-04-20,28.935
2025-04-21,35.626
2025-04-22,62.265
2025-04-23,61.966
2025-04-24,66.552
2025-04-25,68.582
2025-04-26,60.093
2025-04-27,48.132
2025-04-28,23.197
2025-04-29,25.883000000000003
2025-04-30,59.342
2025-05-01,52.976
2025-05-02,52.001
2025-05-03,54.623
2025-05-04,41.092
2025-05-05,43.013999999999996
2025-05-06,57.435
2025-05-07,62.931
2025-05-08,78.216
2025-05-09,82.149
2025-05-10,63.863
2025-05-11,45.362
2025-05-12,43.444
2025-05-13,64.091
2025-05-14,60.932
2025-05-15,67.975
2025-05-16,65.374
2025-05-17,59.709
2025-05-18,44.498
2025-05-19,47.431000000000004
2025-05-20,57.917
2025-05-21,63.643
2025-05-22,73.866
2025-05-23,76.989
2025-05-24,67.465
2025-05-25,55.269999999999996
2025-05-26,54.917
2025-05-27,62.2
2025-05-28,59.510999999999996
2025-05-29,68.17099999999999
2025-05-30,67.369
2025-05-31,53.132
2025-06-01,37.74
2025-06-02,38.083
2025-06-03,53.353
2025-06-04,56.672
2025-06-05,59.449999999999996
2025-06-06,65.205
2025-06-07,57.064
2025-06-08,41.586
2025-06-09,38.013
2025-06-10,60.681
2025-06-11,63.778
2025-06-12,63.881
2025-06-13,72.087
2025-06-14,69.551
2025-06-15,45.479
2025-06-16,49.041000000000004
2025-06-17,60.831999999999994
2025-06-18,67.739
2025-06-19,83.214
2025-06-20,87.306
2025-06-21,71.18900000000001
2025-06-22,45.275999999999996
2025-06-23,45.382
2025-06-24,51.566
2025-06-25,39.725
2025-06-26,52.172
2025-06-27,51.562999999999995
2025-06-28,49.257
2025-06-29,27.753
2025-06-30,33.246
2025-07-01,52.275999999999996
2025-07-02,60.911
2025-07-03,69.851
2025-07-04,59.179
2025-07-05,46.376
2025-07-06,29.579
2025-07-07,23.248
2025-07-08,37.809
2025-07-09,56.858000000000004
2025-07-10,62.027
2025-07-11,66.805
2025-07-12,70.834
2025-07-13,38.066
2025-07-14,35.900999999999996
2025-07-15,61.025
2025-07-16,54.192
2025-07-17,66.803
2025-07-18,65.496
2025-07-19,54.814
2025-07-20,38.564
2025-07-21,39.599000000000004
2025-07-22,53.912
2025-07-23,61.716
2025-07-24,70.26599999999999
2025-07-25,55.889
2025-07-26,47.812
2025-07-27,29.216
2025-07-28,36.535
2025-07-29,47.998000000000005
2025-07-30,57.15
2025-07-31,64.869
2025-08-01,71.764
2025-08-02,52.437000000000005
2025-08-03,30.181
2025-08-04,41.415
2025-08-05,50.613
2025-08-06,60.288999999999994
2025-08-07,67.675
2025-08-08,68.36
2025-08-09,57.758
2025-08-10,41.535
2025-08-11,46.947
2025-08-12,61.064
2025-08-13,60.834
2025-08-14,61.032999999999994
2025-08-15,62.792
2025-08-16,49.52
2025-08-17,30.06
2025-08-18,45.502
2025-08-19,59.834
2025-08-20,60.464999999999996
2025-08-21,66.641
2025-08-22,67.991
2025-08-23,58.025
2025-08-24,31.491999999999997
2025-08-25,43.732
2025-08-26,46.706
2025-08-27,51.809000000000005
2025-08-28,55.215
2025-08-29,61.345
2025-08-30,66.563
2025-08-31,44.911
2025-09-01,42.027
2025-09-02,65.256
2025-09-03,56.998000000000005
2025-09-04,68.968
2025-09-05,75.927
2025-09-06,62.974000000000004
2025-09-07,54.509
2025-09-08,45.455
2025-09-09,62.525000000000006
2025-09-10,58.094
2025-09-11,59.673
2025-09-12,67.05799999999999
2025-09-13,53.94799999999999
2025-09-14,39.745999999999995
2025-09-15,32.492
2025-09-16,40.918
2025-09-17,60.913
2025-09-18,78.899
2025-09-19,69.539
2025-09-20,73.758
2025-09-21,27.848999999999997
2025-09-22,35.745
2025-09-23,58.845
2025-09-24,65.265
2025-09-25,75.17099999999999
2025-09-26,78.94200000000001
2025-09-27,76.096
2025-09-28,49.477999999999994
2025-09-29,46.763
2025-09-30,56.057
2025-10-01,60.268
2025-10-02,78.086
2025-10-03,83.648
2025-10-04,81.25
2025-10-05,44.217
2025-10-06,35.482
2025-10-07,57.421
2025-10-08,60.466
2025-10-09,66.753
2025-10-10,69.648
2025-10-11,85.351
2025-10-12,62.372
2025-10-13,53.134
2025-10-14,69.231
2025-10-15,66.649
2025-10-16,71.445
2025-10-17,80.68299999999999
2025-10-18,83.729
2025-10-19,61.852
2025-10-20,54.525
2025-10-21,71.138
2025-10-22,71.662
2025-10-23,71.238
2025-10-24,85.27100000000002
2025-10-25,72.718
2025-10-26,53.283
2025-10-27,49.95
2025-10-28,55.899
2025-10-29,58.727000000000004
2025-10-30,70.253
2025-10-31,73.013
2025-11-01,57.757000000000005
2025-11-02,32.397
2025-11-03,41.726
2025-11-04,37.56
2025-11-05,57.178000000000004
2025-11-06,68.319
2025-11-07,71.12
2025-11-08,60.714999999999996
2025-11-09,58.336
2025-11-10,51.871
2025-11-11,51.388
2025-11-12,73.453
2025-11-13,80.902
2025-11-14,77.23700000000001
2025-11-15,77.036
2025-11-16,57.362
2025-11-17,46.457
2025-11-18,55.245000000000005
2025-11-19,44.120000000000005
2025-11-20,64.417
2025-11-21,68.07900000000001
2025-11-22,71.326
2025-11-23,58.55800000000001
2025-11-24,53.357
2025-11-25,75.41799999999999
2025-11-26,70.243
2025-11-27,69.72
2025-11-28,80.92999999999999
2025-11-29,77.979
2025-11-30,55.699
2025-12-01,52.214
2025-12-02,58.105
2025-12-03,66.278
2025-12-04,66.173
2025-12-05,76.547
2025-12-06,74.553
2025-12-07,52.884
2025-12-08,42.201
2025-12-09,34.417
2025-12-10,63.156
2025-12-11,71.498
2025-12-12,76.909
2025-12-13,78.815
2025-12-14,51.144000000000005
2025-12-15,57.479
2025-12-16,60.952
2025-12-17,72.16499999999999
2025-12-18,76.397
2025-12-19,82.606
2025-12-20,80.077
2025-12-21,57.486
2025-12-22,40.378
2025-12-23,46.4
2025-12-24,49.336
2025-12-25,44.447
2025-12-26,30.657000000000004
2025-12-27,48.542
2025-12-28,38.874
2025-12-29,34.034
2025-12-30,56.257000000000005
2025-12-31,63.532
2026-01-01,58.132
2026-01-02,50.062
2026-01-03,44.596
2026-01-04,37.663
2026-01-05,42.369
2026-01-06,51.172000000000004
2026-01-07,49.28
2026-01-08,63.838
2026-01-09,78.328
2026-01-10,81.119
2026-01-11,56.20700000000001
2026-01-12,51.381
2026-01-13,62.705
2026-01-14,77.12
2026-01-15,88.455
2026-01-16,86.389
2026-01-17,91.755
2026-01-18,59.866
2026-01-19,48.567
2026-01-20,55.446000000000005
2026-01-21,67.75699999999999
2026-01-22,77.878
2026-01-23,73.938
2026-01-24,73.839
2026-01-25,49.716
2026-01-26,50.211
2026-01-27,62.125
2026-01-28,64.471
2026-01-29,65.384
2026-01-30,69.11
2026-01-31,39.933
2026-02-01,36.073
2026-02-02,36.834
2026-02-03,48.169000000000004
2026-02-04,70.839
2026-02-05,52.983
2026-02-06,58.325
2026-02-07,34.971000000000004
2026-02-08,31.933999999999997
2026-02-09,39.72
2026-02-10,49.994
2026-02-11,55.309
2026-02-12,48.568000000000005
2026-02-13,69.457
2026-02-14,49.977000000000004
2026-02-15,43.289
2026-02-16,43.23
2026-02-17,40.414
2026-02-18,44.886
2026-02-19,54.333999999999996
2026-02-20,56.559000000000005
2026-02-21,56.564
2026-02-22,42.228
2026-02-23,45.858
2026-02-24,54.638
2026-02-25,62.916
2026-02-26,65.662
2026-02-27,66.316
2026-02-28,59.583
2026-03-01,47.52
2026-03-02,44.446
2026-03-03,52.958999999999996
2026-03-04,53.598
2026-03-05,61.608
2026-03-06,62.852000000000004
2026-03-07,68.21600000000001
2026-03-08,54.824
2026-03-09,50.199
2026-03-10,60.914
2026-03-11,64.521
2026-03-12,57.504000000000005
2026-03-13,71.187
2026-03-14,73.59400000000001
2026-03-15,58.226
2026-03-16,53.527
2026-03-17,62.751
2026-03-18,68.629
2026-03-19,65.05199999999999
2026-03-20,62.594
2026-03-21,69.668
2026-03-22,52.891999999999996
